{"version": 2, "width": 80, "height": 14, "timestamp": 1666418188, "env": {"SHELL": "/bin/bash", "TERM": "screen"}}
[0.067259, "o", "\r\r\n\u001b[0;35mhq \u001b[1;34m/vagrant/bash/fuzzy-cd \u001b[1;32m➜\u001b[0m "]
[1.931644, "o", "c"]
[1.982876, "o", "d"]
[2.020619, "o", " "]
[2.074542, "o", "-"]
[2.119949, "o", "h"]
[2.666267, "o", "\r\n"]
[2.669348, "o", "fuzzy-cd 0.1.1\r\n\r\nUsage:\r\n  cd DIR       change working directory\r\n  cd SEARCH    change working directory or show selection menu\r\n  cd -l        list history with fzf\r\n  cd -e        edit history file\r\n  cd -s        show history file\r\n  cd -v        show version\r\n  cd -h        show this help\r\n"]
[2.673473, "o", "\r"]
[2.673645, "o", "\r\n\u001b[0;35mhq \u001b[1;34m/vagrant/bash/fuzzy-cd \u001b[1;32m➜\u001b[0m "]
[4.760191, "o", "#"]
[4.852328, "o", " "]
[4.943553, "o", "F"]
[5.039367, "o", "i"]
[5.091905, "o", "r"]
[5.135759, "o", "s"]
[5.184912, "o", "t"]
[5.230988, "o", ","]
[5.275798, "o", " "]
[5.318091, "o", "w"]
[5.369878, "o", "e"]
[5.412547, "o", " "]
[5.465885, "o", "v"]
[5.508754, "o", "i"]
[5.560037, "o", "s"]
[5.600366, "o", "i"]
[5.653201, "o", "t"]
[5.695204, "o", " "]
[5.748514, "o", "d"]
[5.790166, "o", "i"]
[5.842678, "o", "r"]
[5.884708, "o", "e"]
[5.937299, "o", "c"]
[5.9786, "o", "t"]
[6.020984, "o", "o"]
[6.072231, "o", "r"]
[6.12423, "o", "i"]
[6.165596, "o", "e"]
[6.21787, "o", "s"]
[6.25899, "o", " "]
[6.311728, "o", "t"]
[6.352275, "o", "o"]
[6.395497, "o", " "]
[6.447782, "o", "a"]
[6.489449, "o", "d"]
[6.541551, "o", "d"]
[6.582212, "o", " "]
[6.636825, "o", "t"]
[6.67697, "o", "o"]
[6.729053, "o", " "]
[6.771567, "o", "h"]
[6.823193, "o", "i"]
[6.874726, "o", "s"]
[6.915947, "o", "t"]
[6.968259, "o", "o"]
[7.008727, "o", "r"]
[7.060172, "o", "y"]
[7.601151, "o", "\r\n"]
[7.612072, "o", "\r\r\n\u001b[0;35mhq \u001b[1;34m/vagrant/bash/fuzzy-cd \u001b[1;32m➜\u001b[0m "]
[9.646617, "o", "c"]
[9.697299, "o", "d"]
[9.748083, "o", " "]
[9.796763, "o", "t"]
[9.836832, "o", "e"]
[9.88909, "o", "s"]
[9.933614, "o", "t"]
[10.478841, "o", "\r\n"]
[10.485927, "o", "/vagrant/bash/fuzzy-cd/test\r\n"]
[10.492851, "o", "\r"]
[10.492897, "o", "\r\n\u001b[0;35mhq \u001b[1;34m/vagrant/bash/fuzzy-cd/test \u001b[1;32m➜\u001b[0m "]
[12.530641, "o", "c"]
[12.567788, "o", "d"]
[12.621602, "o", " "]
[12.668286, "o", "a"]
[12.713577, "o", "p"]
[12.761949, "o", "p"]
[12.80701, "o", "r"]
[12.857758, "o", "o"]
[12.902848, "o", "v"]
[12.948241, "o", "a"]
[12.998519, "o", "l"]
[13.042247, "o", "s"]
[13.584301, "o", "\r\n"]
[13.591287, "o", "/vagrant/bash/fuzzy-cd/test/approvals\r\n"]
[13.598749, "o", "\r\r\n\u001b[0;35mhq \u001b[1;34m/vagrant/bash/fuzzy-cd/test/approvals \u001b[1;32m➜\u001b[0m "]
[15.632424, "o", "c"]
[15.682501, "o", "d"]
[15.733014, "o", " "]
[15.777662, "o", "."]
[15.82271, "o", "."]
[15.872357, "o", "/"]
[15.920499, "o", "."]
[15.968129, "o", "."]
[16.010667, "o", "/"]
[16.061182, "o", "d"]
[16.101444, "o", "e"]
[16.152498, "o", "m"]
[16.197367, "o", "o"]
[16.745849, "o", "\r\n"]
[16.762323, "o", "\r\r\n\u001b[0;35mhq \u001b[1;34m/vagrant/bash/fuzzy-cd/demo \u001b[1;32m➜\u001b[0m "]
[18.786966, "o", "c"]
[18.838866, "o", "d"]
[19.387375, "o", "\r\n"]
[19.397742, "o", "\r\r\n\u001b[0;35mhq \u001b[1;34m~ \u001b[1;32m➜\u001b[0m "]
[21.47323, "o", "#"]
[21.568477, "o", " "]
[21.660988, "o", "N"]
[21.764259, "o", "o"]
[21.810245, "o", "w"]
[21.854501, "o", " "]
[21.904365, "o", "w"]
[21.950427, "o", "e"]
[21.995747, "o", " "]
[22.036413, "o", "c"]
[22.089634, "o", "a"]
[22.132226, "o", "n"]
[22.182907, "o", " "]
[22.233544, "o", "c"]
[22.278232, "o", "d"]
[22.320687, "o", " "]
[22.372589, "o", "u"]
[22.41247, "o", "s"]
[22.466449, "o", "i"]
[22.508101, "o", "n"]
[22.559065, "o", "g"]
[22.601466, "o", " "]
[22.652217, "o", "f"]
[22.693153, "o", "u"]
[22.744815, "o", "z"]
[22.795889, "o", "z"]
[22.837202, "o", "y"]
[22.890229, "o", " "]
[22.930152, "o", "s"]
[22.982663, "o", "e"]
[23.024771, "o", "a"]
[23.067139, "o", "r"]
[23.118572, "o", "c"]
[23.170322, "o", "h"]
[23.708979, "o", "\r\n"]
[23.715681, "o", "\r\r\n\u001b[0;35mhq \u001b[1;34m~ \u001b[1;32m➜\u001b[0m "]
[25.805998, "o", "#"]
[25.898286, "o", " "]
[25.99123, "o", "W"]
[26.086786, "o", "h"]
[26.139097, "o", "e"]
[26.183242, "o", "n"]
[26.232198, "o", " "]
[26.277733, "o", "t"]
[26.326062, "o", "h"]
[26.36674, "o", "e"]
[26.418893, "o", "r"]
[26.45983, "o", "e"]
[26.512048, "o", " "]
[26.553689, "o", "a"]
[26.604957, "o", "r"]
[26.646334, "o", "e"]
[26.697767, "o", " "]
[26.749108, "o", "m"]
[26.79216, "o", "u"]
[26.842351, "o", "l"]
[26.884782, "o", "t"]
[26.927255, "o", "i"]
[26.980161, "o", "p"]
[27.02024, "o", "l"]
[27.07242, "o", "e"]
[27.114418, "o", " "]
[27.165697, "o", "m"]
[27.208773, "o", "a"]
[27.261113, "o", "t"]
[27.301939, "o", "c"]
[27.352987, "o", "h"]
[27.404604, "o", "e"]
[27.445457, "o", "s"]
[27.498268, "o", ","]
[27.539373, "o", " "]
[27.593334, "o", "w"]
[27.634966, "o", "e"]
[27.687312, "o", " "]
[27.726711, "o", "a"]
[27.777926, "o", "r"]
[27.819577, "o", "e"]
[27.870356, "o", " "]
[27.912041, "o", "p"]
[27.96423, "o", "r"]
[28.006229, "o", "o"]
[28.057112, "o", "m"]
[28.099344, "o", "p"]
[28.149933, "o", "t"]
[28.202204, "o", "e"]
[28.243543, "o", "d"]
[28.296063, "o", " "]
[28.338017, "o", "t"]
[28.389904, "o", "o"]
[28.430113, "o", " "]
[28.483869, "o", "c"]
[28.526952, "o", "h"]
[28.568324, "o", "o"]
[28.62035, "o", "o"]
[28.663697, "o", "s"]
[28.717087, "o", "e"]
[29.258591, "o", "\r\n"]
[29.265398, "o", "\r\r\n\u001b[0;35mhq \u001b[1;34m~ \u001b[1;32m➜\u001b[0m "]
[31.303927, "o", "c"]
[31.356605, "o", "d"]
[31.401699, "o", " "]
[31.450619, "o", "f"]
[31.496381, "o", "z"]
[31.544125, "o", "y"]
[32.095154, "o", "\r\n"]
[32.104908, "o", "\u001b[?25l\u001b[?1049h\u001b[?1000h\u001b[?1006h\u001b[13A\u001b[G\u001b[K\r\u001b[40C\u001b[;38;5;145m│\u001b[m\u001b[;38;5;145m                                       \u001b[m\u001b[1B\r\u001b[40C\u001b[;38;5;145m│\u001b[m\u001b[;38;5;145m                                       \u001b[m\u001b[1B\r\u001b[40C\u001b[;38;5;145m│\u001b[m\u001b[;38;5;145m                                       \u001b[m\u001b[1B\r\u001b[40C\u001b[;38;5;145m│\u001b[m\u001b[;38;5;145m                                       \u001b[m\u001b[1B\r\u001b[40C\u001b[;38;5;145m│\u001b[m\u001b[;38;5;145m                                       \u001b[m\u001b[1B\r\u001b[40C\u001b[;38;5;145m│\u001b[m\u001b[;38;5;145m                                       \u001b[m\u001b[1B\r\u001b[40C\u001b[;38;5;145m│\u001b[m\u001b[;38;5;145m                                       \u001b[m\u001b[1B\r\u001b[40C\u001b[;38;5;145m│\u001b[m\u001b[;38;5;145m                                       \u001b[m\u001b[1B\r\u001b[40C\u001b[;38;5;145m│\u001b[m\u001b[;38;5;145m                                       \u001b[m\u001b[1B\r\u001b[40C\u001b[;38;5;145m│\u001b[m\u001b[;38;5;145m                                       \u001b[m\u001b[1B\r\u001b[40C\u001b[;38;5;145m│\u001b[m\u001b[;38;5;145m                                       \u001b[m\u001b[1B\r\u001b[40C\u001b[;38;5;145m│\u001b[m\u001b[;38;5;145m                                       \u001b[m\u001b[1"]
